"low_ate","med_ate","high_ate"
0.205366500552507,0.173025577658118,0.136773025811349
